{"swagger": "2.0", "info": {"title": "Book API", "description": "A sample API for books, authors, and reviews", "termsOfService": "https://www.google.com/policies/terms/", "contact": {"email": "contact@bookapi.local"}, "license": {"name": "BSD License"}, "version": "v1"}, "host": "team-3-project-1.fly.dev", "schemes": ["http"], "basePath": "/", "consumes": ["application/json"], "produces": ["application/json"], "securityDefinitions": {"Basic": {"type": "basic"}}, "security": [{"Basic": []}], "paths": {"/api/authors/": {"get": {"operationId": "api_authors_list", "description": "", "parameters": [], "responses": {"200": {"description": "", "schema": {"type": "array", "items": {"$ref": "#/definitions/Author"}}}}, "tags": ["api"]}, "post": {"operationId": "api_authors_create", "description": "", "parameters": [{"name": "data", "in": "body", "required": true, "schema": {"$ref": "#/definitions/Author"}}], "responses": {"201": {"description": "", "schema": {"$ref": "#/definitions/Author"}}}, "tags": ["api"]}, "parameters": []}, "/api/authors/{author_id}/": {"get": {"operationId": "api_authors_read", "description": "", "parameters": [], "responses": {"200": {"description": "", "schema": {"$ref": "#/definitions/Author"}}}, "tags": ["api"]}, "put": {"operationId": "api_authors_update", "description": "", "parameters": [{"name": "data", "in": "body", "required": true, "schema": {"$ref": "#/definitions/Author"}}], "responses": {"200": {"description": "", "schema": {"$ref": "#/definitions/Author"}}}, "tags": ["api"]}, "patch": {"operationId": "api_authors_partial_update", "description": "", "parameters": [{"name": "data", "in": "body", "required": true, "schema": {"$ref": "#/definitions/Author"}}], "responses": {"200": {"description": "", "schema": {"$ref": "#/definitions/Author"}}}, "tags": ["api"]}, "delete": {"operationId": "api_authors_delete", "description": "", "parameters": [], "responses": {"204": {"description": ""}}, "tags": ["api"]}, "parameters": [{"name": "author_id", "in": "path", "description": "A unique integer value identifying this 저자.", "required": true, "type": "integer"}]}, "/api/books/": {"get": {"operationId": "api_books_list", "description": "", "parameters": [], "responses": {"200": {"description": "", "schema": {"type": "array", "items": {"$ref": "#/definitions/Book"}}}}, "tags": ["api"]}, "post": {"operationId": "api_books_create", "description": "", "parameters": [{"name": "data", "in": "body", "required": true, "schema": {"$ref": "#/definitions/Book"}}], "responses": {"201": {"description": "", "schema": {"$ref": "#/definitions/Book"}}}, "tags": ["api"]}, "parameters": []}, "/api/books/{book_id}/": {"get": {"operationId": "api_books_read", "description": "", "parameters": [], "responses": {"200": {"description": "", "schema": {"$ref": "#/definitions/Book"}}}, "tags": ["api"]}, "put": {"operationId": "api_books_update", "description": "", "parameters": [{"name": "data", "in": "body", "required": true, "schema": {"$ref": "#/definitions/Book"}}], "responses": {"200": {"description": "", "schema": {"$ref": "#/definitions/Book"}}}, "tags": ["api"]}, "patch": {"operationId": "api_books_partial_update", "description": "", "parameters": [{"name": "data", "in": "body", "required": true, "schema": {"$ref": "#/definitions/Book"}}], "responses": {"200": {"description": "", "schema": {"$ref": "#/definitions/Book"}}}, "tags": ["api"]}, "delete": {"operationId": "api_books_delete", "description": "", "parameters": [], "responses": {"204": {"description": ""}}, "tags": ["api"]}, "parameters": [{"name": "book_id", "in": "path", "description": "A unique integer value identifying this 책.", "required": true, "type": "integer"}]}, "/api/books/{book_id}/reviews/": {"get": {"operationId": "api_books_reviews", "description": "", "parameters": [], "responses": {"200": {"description": "", "schema": {"$ref": "#/definitions/Book"}}}, "tags": ["api"]}, "parameters": [{"name": "book_id", "in": "path", "description": "A unique integer value identifying this 책.", "required": true, "type": "integer"}]}, "/api/reviews/": {"get": {"operationId": "api_reviews_list", "description": "", "parameters": [], "responses": {"200": {"description": "", "schema": {"type": "array", "items": {"$ref": "#/definitions/Review"}}}}, "tags": ["api"]}, "post": {"operationId": "api_reviews_create", "description": "", "parameters": [{"name": "data", "in": "body", "required": true, "schema": {"$ref": "#/definitions/Review"}}], "responses": {"201": {"description": "", "schema": {"$ref": "#/definitions/Review"}}}, "tags": ["api"]}, "parameters": []}, "/api/reviews/{review_id}/": {"get": {"operationId": "api_reviews_read", "description": "", "parameters": [], "responses": {"200": {"description": "", "schema": {"$ref": "#/definitions/Review"}}}, "tags": ["api"]}, "put": {"operationId": "api_reviews_update", "description": "", "parameters": [{"name": "data", "in": "body", "required": true, "schema": {"$ref": "#/definitions/Review"}}], "responses": {"200": {"description": "", "schema": {"$ref": "#/definitions/Review"}}}, "tags": ["api"]}, "patch": {"operationId": "api_reviews_partial_update", "description": "", "parameters": [{"name": "data", "in": "body", "required": true, "schema": {"$ref": "#/definitions/Review"}}], "responses": {"200": {"description": "", "schema": {"$ref": "#/definitions/Review"}}}, "tags": ["api"]}, "delete": {"operationId": "api_reviews_delete", "description": "", "parameters": [], "responses": {"204": {"description": ""}}, "tags": ["api"]}, "parameters": [{"name": "review_id", "in": "path", "description": "A unique integer value identifying this 리뷰.", "required": true, "type": "integer"}]}, "/authors/api/": {"get": {"operationId": "authors_api_list", "description": "", "parameters": [], "responses": {"200": {"description": "", "schema": {"type": "array", "items": {"$ref": "#/definitions/Author"}}}}, "tags": ["authors"]}, "post": {"operationId": "authors_api_create", "description": "", "parameters": [{"name": "data", "in": "body", "required": true, "schema": {"$ref": "#/definitions/Author"}}], "responses": {"201": {"description": "", "schema": {"$ref": "#/definitions/Author"}}}, "tags": ["authors"]}, "parameters": []}, "/authors/api/{id}/": {"get": {"operationId": "authors_api_read", "description": "", "parameters": [], "responses": {"200": {"description": "", "schema": {"$ref": "#/definitions/Author"}}}, "tags": ["authors"]}, "put": {"operationId": "authors_api_update", "description": "", "parameters": [{"name": "data", "in": "body", "required": true, "schema": {"$ref": "#/definitions/Author"}}], "responses": {"200": {"description": "", "schema": {"$ref": "#/definitions/Author"}}}, "tags": ["authors"]}, "patch": {"operationId": "authors_api_partial_update", "description": "", "parameters": [{"name": "data", "in": "body", "required": true, "schema": {"$ref": "#/definitions/Author"}}], "responses": {"200": {"description": "", "schema": {"$ref": "#/definitions/Author"}}}, "tags": ["authors"]}, "delete": {"operationId": "authors_api_delete", "description": "", "parameters": [], "responses": {"204": {"description": ""}}, "tags": ["authors"]}, "parameters": [{"name": "id", "in": "path", "required": true, "type": "string"}]}}, "definitions": {"Author": {"required": ["author_name"], "type": "object", "properties": {"author_id": {"title": "Author id", "type": "integer", "readOnly": true}, "author_name": {"title": "Author name", "type": "string", "maxLength": 200, "minLength": 1}}}, "Book": {"required": ["title", "author_id"], "type": "object", "properties": {"book_id": {"title": "Book id", "type": "integer", "readOnly": true}, "title": {"title": "Title", "type": "string", "maxLength": 200, "minLength": 1}, "description": {"title": "Description", "type": "string", "x-nullable": true}, "publication_date": {"title": "Publication date", "type": "string", "format": "date", "x-nullable": true}, "created_at": {"title": "Created at", "type": "string", "format": "date-time", "readOnly": true}, "author_id": {"title": "Author id", "type": "integer"}, "author_name": {"title": "Author name", "type": "string", "readOnly": true, "minLength": 1}}}, "Review": {"required": ["book", "rating", "content"], "type": "object", "properties": {"review_id": {"title": "Review id", "type": "integer", "readOnly": true}, "book": {"title": "Book", "type": "integer"}, "book_title": {"title": "Book title", "type": "string", "readOnly": true, "minLength": 1}, "user_id": {"title": "User id", "type": "integer", "readOnly": true}, "username": {"title": "Username", "type": "string", "readOnly": true, "minLength": 1}, "rating": {"title": "평점", "type": "integer", "maximum": 5, "minimum": 1}, "content": {"title": "Content", "type": "string", "minLength": 1}, "created_at": {"title": "Created at", "type": "string", "format": "date-time", "readOnly": true}}}}}